Average lockin_signal,Ion velocity
0.0976152055384957,-5209.181618837866
0.0987328445088696,-5204.235934340838
0.1000163760184818,-5199.290249777243
0.0994425263132001,-5194.344565213648
0.0986439429614913,-5189.398880650052
0.099655022345455,-5184.453196086457
0.0991092844812585,-5179.507511522862
0.0994358659263083,-5174.561826959266
0.1000831865486652,-5169.616142462238
0.1001465758254212,-5164.670457898643
0.0997072280324555,-5159.724773335048
0.0993043536882926,-5154.779088771452
0.0990200789491666,-5149.833404207857
0.099294008316563,-5144.887719644261
0.0981320268322752,-5139.942035080666
0.0999674195448195,-5134.996350583638
0.0988703217685141,-5130.050666020043
0.0971998407034124,-5125.104981456447
0.0993327595400947,-5120.159296892852
0.0991379784592937,-5115.213612329257
0.0985193056100178,-5110.267927765661
0.0975383377106766,-5105.322243202066
0.0978500720481883,-5100.3765587050375
0.0978215005735685,-5095.4308741414425
0.0956855575040447,-5090.485189577847
0.0950066944572201,-5085.539505014252
0.095352504589985,-5080.593820450656
0.0947879835195754,-5075.648135887061
0.0944104828148615,-5070.702451390032
0.0925478877982905,-5065.756766826437
0.0932380126933474,-5060.811082262841
0.092899211184569,-5055.865397699246
0.0924242453408587,-5050.919713135651
0.0897375198239851,-5045.974028572055
0.0902577101547369,-5041.028344075027
0.0895053655126776,-5036.082659511432
0.0900214144889829,-5031.136974947837
0.0878508511554522,-5026.191290384241
0.0871649949363089,-5021.245605820646
0.0862921734088079,-5016.299921323618
0.0862001631873969,-5011.354236760023
0.0870108110376937,-5006.408552196427
0.085301263472412,-5001.462867632832
0.0845407624901523,-4996.517183069237
0.0853684823192867,-4991.571498572209
0.0837526643542673,-4986.625814008613
0.0825544473993251,-4981.680129445018
0.081570725516382,-4976.734444881423
0.0823047765760608,-4971.788760317827
0.081495188290744,-4966.843075754232
0.0798660775512541,-4961.897391190636
0.0798896351880244,-4956.951706693609
0.0799809300747329,-4952.006022130013
0.0774280829522768,-4947.060337566418
0.0782787250420618,-4942.114653002822
0.0773295643647474,-4937.168968439227
0.0771019468665416,-4932.223283875632
0.0770583354698783,-4927.277599312036
0.0771914723785135,-4922.331914815008
0.0768111830522121,-4917.386230251413
0.0783836432211333,-4912.440545687818
0.0775142298912186,-4907.494861124222
0.0783869145320425,-4902.549176560627
0.0778425680021056,-4897.603491997031
0.0789319516432831,-4892.657807433436
0.0779219881424223,-4887.712122936408
0.0786644674947943,-4882.766438372812
0.0809371174233461,-4877.8207538092165
0.0801639586944023,-4872.8750692456215
0.0822175552594877,-4867.9293846820265
0.0821832636778001,-4862.983700118431
0.0833515802587015,-4858.038015554836
0.0833025359177079,-4853.092331057807
0.0846197091143119,-4848.146646494212
0.0839784769717238,-4843.200961930616
0.0854956318173091,-4838.255277367021
0.086371292600315,-4833.309592803426
0.0853691347306241,-4828.36390823983
0.0858618123774005,-4823.418223676235
0.0872176638965934,-4818.472539179207
0.0871373969839959,-4813.526854615612
0.0869866752992497,-4808.581170052016
0.0862469492365528,-4803.635485488421
0.0862659308710482,-4798.689800924825
0.0864205404675477,-4793.74411636123
0.0854249132194486,-4788.798431797635
0.0853553960967588,-4783.852747300607
0.0851023372014434,-4778.907062737011
0.0859303890846399,-4773.961378173416
0.0842585117806869,-4769.015693609821
0.0839951235625951,-4764.070009046225
0.0841341335864409,-4759.12432448263
0.0840294724670856,-4754.178639919034
0.0832928914001457,-4749.232955422007
0.0834008301545744,-4744.287270858411
0.083004587066186,-4739.341586294816
0.0828080659752291,-4734.39590173122
0.0816446886276754,-4729.450217167625
0.0816315825067482,-4724.50453260403
0.0803197830342895,-4719.558848040434
0.0793747956198966,-4714.613163543406
0.0780772923865151,-4709.667478979811
0.0768513980697882,-4704.721794416216
0.0749987062902572,-4699.77610985262
0.0746674743554815,-4694.830425289025
0.0732984041581716,-4689.88474072543
0.0726298329523079,-4684.939056161834
0.0712366465462096,-4679.993371664806
0.0707172389316438,-4675.047687101211
0.0699967975456412,-4670.102002537616
0.0703656715678289,-4665.15631797402
0.0690912871277977,-4660.210633410425
0.0686479356135522,-4655.264948846829
0.0677388768075415,-4650.319264283234
0.0686584322531898,-4645.3735797862055
0.0684331443155161,-4640.4278952226105
0.0674288078534248,-4635.482210659015
0.066646748221885,-4630.53652609542
0.0673674626133384,-4625.5908415318245
0.0684073706084879,-4620.645156968229
0.0682708067404365,-4615.6994724046335
0.0680293683934824,-4610.753787907605
0.0684336624974453,-4605.80810334401
0.0687825356232667,-4600.862418780414
0.0694010302495248,-4595.916734216819
0.0700981773835788,-4590.971049653223
0.071328753140395,-4586.025365089628
0.0717257174438212,-4581.079680526033
0.0722898990131753,-4576.133996029005
0.0737039370863432,-4571.188311465409
0.0738714662071692,-4566.242626901814
0.0743477102462955,-4561.296942338219
0.0754017696794294,-4556.351257774623
0.0775686520004969,-4551.405573211028
0.0783902772978363,-4546.459888714
0.0790153175472836,-4541.514204150405
0.0802703011623434,-4536.568519586809
0.0828004066347303,-4531.622835023214
0.0830832459692255,-4526.677150459619
0.0836501167823161,-4521.731465962591
0.0848034908274668,-4516.785781398995
0.0851858448460905,-4511.8400968354
0.0845091900587916,-4506.894412271805
0.0850042028172875,-4501.948727708209
0.0859596798678604,-4497.003043144614
0.087782190510314,-4492.057358647586
0.0875856148249145,-4487.111674083991
0.0876258557919761,-4482.165989520395
0.0891396221066274,-4477.2203049568
0.0894056091898451,-4472.274620393204
0.0889732105684204,-4467.3289358961765
0.0895880784274278,-4462.383251332581
0.0898988103965797,-4457.437566768986
0.0900894459494607,-4452.49188220539
0.0913984522968783,-4447.546197641795
0.0910063336231815,-4442.6005130782
0.0926924802489731,-4437.654828514604
0.0920232752768558,-4432.709144017575
0.0924420496799873,-4427.76345945398
0.0930933278243666,-4422.817774890385
0.0946953953195346,-4417.8720903267895
0.0952940826205977,-4412.926405763194
0.095829324386109,-4407.980721199599
0.0956402053179623,-4403.035036636004
0.0962428956961982,-4398.089352138975
0.0976901058145679,-4393.14366757538
0.0970646412623878,-4388.197983011784
0.0988164384873115,-4383.252298448189
0.0970275745895719,-4378.306613884594
0.0989222217865029,-4373.360929320998
0.0990148062609871,-4368.415244757403
0.0983414969915607,-4363.469560260375
0.1000329828828199,-4358.52387569678
0.1012471506410014,-4353.578191133184
0.1018887946013531,-4348.632506569589
0.100417227614335,-4343.686822005994
0.101310549588896,-4338.741137442398
0.1017067645718638,-4333.795452878803
0.1030336428304364,-4328.849768381775
0.1022238819585654,-4323.90408381818
0.1022944641358803,-4318.958399254584
0.1025621220896325,-4314.012714690989
0.1031906217959014,-4309.067030127393
0.1047815864649515,-4304.121345563798
0.1035672554236599,-4299.175661000203
0.1037966690846458,-4294.229976503175
0.106675724373703,-4289.284291939579
0.1064302361909035,-4284.338607375984
0.1065416372717826,-4279.392922812389
0.1073025799994593,-4274.447238248793
0.1085377456338303,-4269.501553685198
0.1099586075070556,-4264.555869121602
0.1102846933963158,-4259.610184624575
0.1110721867816052,-4254.664500060979
0.1121306989894479,-4249.718815497384
0.1129182533958692,-4244.773130933788
0.1137529213148869,-4239.827446370193
0.113332841841539,-4234.881761806598
0.1140881391998904,-4229.936077243002
0.1146781791829018,-4224.990392745974
0.1146850484078438,-4220.044708182379
0.1158419847961431,-4215.099023618784
0.1158333211639068,-4210.153339055188
0.1159722718443549,-4205.207654491593
0.1163364395453725,-4200.261969927998
0.1168070060332148,-4195.316285364402
0.116505823762488,-4190.3706008673735
0.1158373857294934,-4185.424916303778
0.1154626444156236,-4180.479231740183
0.1158040081285711,-4175.533547176588
0.1156845043506374,-4170.5878626129925
0.1167638849509734,-4165.6421780493965
0.1163607167500869,-4160.6964934858015
0.1162229376391286,-4155.750808988773
0.1161361982169333,-4150.805124425178
0.1162658127116366,-4145.859439861582
0.1176264523614208,-4140.913755297987
0.1186992448566743,-4135.968070734392
0.1179768098905407,-4131.022386170796
0.1169169723405,-4126.076701607201
0.1183142583463097,-4121.131017110173
0.1191264395400942,-4116.185332546578
0.1184010422203989,-4111.239647982982
0.1178432591861692,-4106.293963419387
0.1182374838941386,-4101.348278855792
0.1184525053736519,-4096.402594292196
0.1179701353006257,-4091.4569097286007
0.1171864629000857,-4086.511225231573
0.1173457688946369,-4081.5655406679775
0.1173123105782926,-4076.619856104382
0.1160372549374732,-4071.6741715407866
0.1154826681860752,-4066.728486977192
0.1155547213193712,-4061.782802413596
0.1141435789165381,-4056.8371178500006
0.1129950550497459,-4051.891433352973
0.1128747901472424,-4046.9457487893774
0.1116668244327955,-4042.000064225782
0.1123155670265111,-4037.0543796621855
0.1118974403181682,-4032.108695098591
0.1127342738955352,-4027.163010534996
0.1101097273623769,-4022.217326037968
0.1104472362528361,-4017.271641474372
0.1082636402876308,-4012.3259569107768
0.108739560267188,-4007.3802723471817
0.1079771758892758,-4002.434587783586
0.1080040283462641,-3997.488903286558
0.1065269625021837,-3992.5432187229626
0.1063567199321254,-3987.597534159368
0.1062916893009382,-3982.651849595772
0.1048865342930484,-3977.7061650321766
0.1041627830892042,-3972.760480468581
0.1027923661376326,-3967.8147959715534
0.1018098154512438,-3962.869111407958
0.1012900381889338,-3957.9234268443615
0.1000990723686191,-3952.977742280767
0.0993193008876055,-3948.032057717172
0.0999835477465797,-3943.086373220144
0.0983635306156186,-3938.140688656548
0.097785390543875,-3933.195004092953
0.0978912217051258,-3928.2493195293578
0.0973405359186629,-3923.3036349657614
0.097248639616206,-3918.357950402167
0.0953250047649974,-3913.4122659051386
0.0964426642714408,-3908.466581341544
0.097858658899814,-3903.520896777948
0.0972454608304204,-3898.5752122143526
0.0955711786035638,-3893.629527650757
0.0954458714135771,-3888.6838430871617
0.095350212932216,-3883.738158523567
0.0948947953879187,-3878.7924740265385
0.0951807428223995,-3873.846789462943
0.0936743789597927,-3868.901104899348
0.0943294669123103,-3863.955420335753
0.0943971450081876,-3859.009735772157
0.0939925947534558,-3854.0640512085615
0.0935943741458955,-3849.118366644966
0.0941184667521433,-3844.172682081371
0.0945490336793965,-3839.226997584343
0.0935889015364924,-3834.2813130207473
0.0933066037835564,-3829.335628457152
0.0930282863226397,-3824.389943893557
0.0934089912676721,-3819.444259329962
0.0934996853732665,-3814.498574766366
0.0935048350050128,-3809.5528902027695
0.0943441614743251,-3804.607205705743
0.0934473563388343,-3799.661521142147
0.0927344536629228,-3794.715836578552
0.0927512878897037,-3789.770152014956
0.0926083638987971,-3784.824467451361
0.0938556047933049,-3779.8787828877657
0.0932317726365554,-3774.93309832417
0.0937113046028229,-3769.987413827142
0.0945593762291282,-3765.041729263547
0.0956270667771409,-3760.096044699952
0.0960677032826432,-3755.150360136356
0.0972397661381445,-3750.2046755727606
0.0979779674833724,-3745.258991009165
0.0975249235826402,-3740.31330644557
0.0998849337162652,-3735.367621948542
0.1001458018705755,-3730.4219373849455
0.1000124517971788,-3725.476252821351
0.1016321066345825,-3720.530568257756
0.1026232134500378,-3715.584883694161
0.1036925497349282,-3710.639199130565
0.1036404395785712,-3705.6935145669695
0.1049697315325375,-3700.7478300699418
0.1049281791243523,-3695.802145506346
0.1057317480934378,-3690.856460942751
0.1061138851435228,-3685.9107763791553
0.1067609534175398,-3680.96509181556
0.107770378135566,-3676.019407251965
0.1073630151075232,-3671.073722688369
0.1069822732077362,-3666.128038191341
0.1072274634420576,-3661.182353627746
0.1074416298988004,-3656.236669064151
0.1072211242354688,-3651.290984500555
0.1081826485349124,-3646.34529993696
0.1069313976819153,-3641.3996153733647
0.1082899484163352,-3636.453930809769
0.1085402218015425,-3631.508246312741
0.1085772846966818,-3626.5625617491455
0.1087498179147767,-3621.6168771855514
0.1091000992740512,-3616.671192621955
0.108282277085205,-3611.72550805836
0.1088933199204141,-3606.779823494764
0.1097106144194026,-3601.834138931169
0.1101703506206052,-3596.888454434141
0.110460348704337,-3591.9427698705454
0.1105905021963597,-3586.99708530695
0.1097108656173341,-3582.051400743355
0.1106264660445248,-3577.1057161797594
0.1103158463656445,-3572.160031616164
0.1094367484787831,-3567.2143470525684
0.1099256017966485,-3562.26866255554
0.109976029382246,-3557.322977991945
0.1098371470389894,-3552.3772934283497
0.1094351319845887,-3547.4316088647543
0.1081759079823468,-3542.485924301159
0.1071792264470591,-3537.540239737564
0.1065902891394326,-3532.5945551739683
0.1073528890828826,-3527.64887067694
0.1073886009711512,-3522.7031861133446
0.1064981744288862,-3517.7575015497496
0.1065043045240532,-3512.811816986154
0.1055722583415009,-3507.8661324225586
0.1058173610929311,-3502.9204479255304
0.1058187733768912,-3497.9747633619354
0.104755046957153,-3493.02907879834
0.1040912874380465,-3488.0833942347444
0.1037858836114393,-3483.137709671149
0.1038130578788938,-3478.192025107554
0.10349029897211,-3473.2463406105257
0.1038832510609675,-3468.3006560469303
0.1037891479743938,-3463.354971483335
0.1045032891312254,-3458.40928691974
0.1046766071662963,-3453.4636023561443
0.1040695607449101,-3448.517917859116
0.105261703756225,-3443.5722332955206
0.103645067379914,-3438.6265487319256
0.1047988887092909,-3433.68086416833
0.1054620617152352,-3428.735179604734
0.1066094884293716,-3423.789495041139
0.1068145507122363,-3418.8438105441114
0.107214590058058,-3413.898125980516
0.107860693181285,-3408.9524414169205
0.1074527047707084,-3404.006756853325
0.1085033122679152,-3399.06107228973
0.1094056685652695,-3394.1153877261345
0.1107862260703907,-3389.1697032291063
0.1095069720007883,-3384.224018665511
0.1099121988683975,-3379.278334101916
0.1102803485822002,-3374.3326495383203
0.1118242766538333,-3369.386964974725
0.1119418326929193,-3364.4412804111294
0.1124072554631721,-3359.495595847534
0.1127335552725844,-3354.549911350506
0.1119177077443821,-3349.6042267869107
0.1128592933873527,-3344.658542223315
0.1134602856421102,-3339.71285765972
0.1118383288510755,-3334.7671730961247
0.1119998375373822,-3329.821488532529
0.1121401828996423,-3324.8758039689337
0.112762760295291,-3319.930119471905
0.1123589402366447,-3314.9844349083105
0.1115962087566061,-3310.038750344715
0.1109681118671731,-3305.0930657811195
0.1114071327037414,-3300.147381217524
0.1101853769547086,-3295.201696653929
0.1104620503265827,-3290.2560120903336
0.1095801729946551,-3285.3103275933054
0.1078749897893136,-3280.36464302971
0.1083475065330074,-3275.418958466115
0.1077219042277485,-3270.4732739025194
0.1077563871720898,-3265.527589338924
0.1061612677677335,-3260.5819047753284
0.1061630536176461,-3255.6362202117334
0.1061879596618511,-3250.690535714705
0.105686740633911,-3245.7448511511097
0.1062726694098088,-3240.7991665875143
0.1071807727775294,-3235.8534820239192
0.106066084160738,-3230.907797460324
0.1062723569462448,-3225.9621128967283
0.1058384905432753,-3221.016428333133
0.1073912990680993,-3216.0707437695373
0.1074512362957662,-3211.1250592725096
0.1081214115818615,-3206.179374708914
0.1072669491628192,-3201.233690145318
0.1070149648102718,-3196.288005581723
0.1066659974925834,-3191.342321018128
0.1063873360288621,-3186.3966364545327
0.1063805767735433,-3181.450951890937
0.1059368283070634,-3176.505267393909
0.1061187092567591,-3171.559582830314
0.1056762434473618,-3166.6138982667185
0.1046381745018728,-3161.668213703123
0.1036332921827087,-3156.7225291395275
0.1033227931995331,-3151.7768445759325
0.1026424178588142,-3146.831160012337
0.1015176662712447,-3141.885475515309
0.1011840795726027,-3136.9397909517133
0.1004470911515556,-3131.9941063881183
0.0995086602525391,-3127.048421824523
0.0986315865375087,-3122.102737260928
0.0972824581458808,-3117.157052697332
0.0974925234836858,-3112.211368133737
0.0958548444799876,-3107.2656836367087
0.0945091006068269,-3102.319999073113
0.093836227359876,-3097.3743145095177
0.0935484524211845,-3092.4286299459227
0.0919075208498006,-3087.482945382327
0.0910160947154419,-3082.537260818732
0.0909377323259921,-3077.5915762551363
0.0898673165061332,-3072.6458917581085
0.0896307052131047,-3067.700207194513
0.0887362642580893,-3062.7545226309176
0.0896392161085853,-3057.808838067322
0.0887945993773487,-3052.8631535037266
0.0883461999566159,-3047.917468940132
0.0875826147408615,-3042.971784376536
0.087847742427137,-3038.026099879508
0.0873210332189551,-3033.0804153159124
0.0869349269781914,-3028.1347307523174
0.0879235755171198,-3023.189046188722
0.0880346226240333,-3018.2433616251265
0.0873496422574321,-3013.297677061531
0.0864460248418931,-3008.351992497936
0.0878734077991194,-3003.406308000908
0.0869804847623095,-2998.4606234373123
0.0876496683657144,-2993.514938873717
0.0878910043160747,-2988.569254310122
0.0881677943111803,-2983.6235697465263
0.0886142484890463,-2978.677885249498
0.0890401068082464,-2973.7322006859026
0.0899345729476258,-2968.786516122308
0.0900107268009336,-2963.840831558712
0.0911213834051896,-2958.8951469951166
0.0910151719363313,-2953.949462431521
0.0925248957622669,-2949.003777934493
0.0917222023424212,-2944.058093370898
0.0931561170544327,-2939.1124088073025
0.0933615674712167,-2934.166724243707
0.0927278525130545,-2929.221039680112
0.0920299692698621,-2924.275355183084
0.0931126586060064,-2919.3296706194883
0.092037270900675,-2914.383986055893
0.0923163802547678,-2909.438301492298
0.0913656412914602,-2904.4926169287023
0.0928844632048665,-2899.546932431674
0.0917983496298077,-2894.601247868078
0.0908024288068169,-2889.655563304484
0.0906795627482338,-2884.709878740888
0.0913284588105584,-2879.7641941772927
0.0912603353883934,-2874.818509613697
0.0914414900696375,-2869.8728250501017
0.0907464506674874,-2864.927140553074
0.0901035371956191,-2859.9814559894785
0.088703377121279,-2855.035771425883
0.0886749939317293,-2850.0900868622875
0.0879339624115225,-2845.1444022986925
0.088877334115228,-2840.198717735097
0.088894838336496,-2835.2530331715016
0.087490916054384,-2830.3073486744734
0.0884112306581328,-2825.3616641108783
0.0895373935715103,-2820.415979547283
0.0887513447737858,-2815.4702949836874
0.0887731492895321,-2810.524610420092
0.0892872688198772,-2805.578925856497
0.0888846750616092,-2800.6332412929014
0.0898303496669719,-2795.687556795873
0.0894595764408712,-2790.7418722322777
0.0896440826370621,-2785.7961876686827
0.0900583762042288,-2780.8505031050872
0.0885895357187673,-2775.904818541492
0.089041125330582,-2770.9591339778963
0.0895712121525576,-2766.013449414301
0.0883758668740094,-2761.067764917273
0.08792278647867,-2756.1220803536776
0.0879790717119286,-2751.176395790082
0.0876930153017494,-2746.230711226487
0.0873015942933997,-2741.285026662892
0.0873529517230364,-2736.339342099296
0.0858426726373816,-2731.3936575357006
0.085729548521616,-2726.447973038673
0.085421615193849,-2721.5022884750774
0.0856916202857479,-2716.556603911482
0.0857889832258681,-2711.6109193478865
0.0847322639828532,-2706.665234784291
0.0831938423635011,-2701.719550220696
0.0832846657335296,-2696.7738656571005
0.083040601794553,-2691.8281811600723
0.0819710008857182,-2686.882496596477
0.081975192717147,-2681.936812032882
0.083376197977832,-2676.9911274692863
0.0828442702637512,-2672.045442905691
0.0832897802255224,-2667.099758342096
0.0829498090336974,-2662.1540737785003
0.0841838899980138,-2657.208389281472
0.0830031222043934,-2652.2627047178767
0.0833660997517417,-2647.317020154281
0.0843051438780694,-2642.371335590686
0.0847074856614236,-2637.4256510270907
0.0858665750298027,-2632.479966463495
0.0868613508285891,-2627.5342818999
0.0883076527320087,-2622.588597402872
0.0887728337565651,-2617.6429128392765
0.0897100647291414,-2612.697228275681
0.0903523188912177,-2607.751543712085
0.0913112783830928,-2602.8058591484905
0.0916835306541089,-2597.860174584895
0.0923686680458066,-2592.9144900213
0.0916069359033801,-2587.968805457704
0.0916499042502551,-2583.0231209606764
0.0921423103609247,-2578.077436397081
0.0920516935063754,-2573.1317518334854
0.0919988884110557,-2568.18606726989
0.092895141170033,-2563.240382706295
0.0930224578631278,-2558.2946981426994
0.0930433058713314,-2553.349013579104
0.0926140684564442,-2548.403329082076
0.0924686939311102,-2543.4576445184803
0.0926077776968806,-2538.511959954885
0.09227370734468,-2533.5662753912898
0.0931490360894387,-2528.6205908276943
0.0927898259651281,-2523.674906264099
0.0923482671928807,-2518.729221700504
0.0918313715674646,-2513.783537203476
0.0915619531884687,-2508.83785263988
0.091353662826991,-2503.8921680762846
0.0899753392054681,-2498.9464835126896
0.0903004007939531,-2494.000798949094
0.090965301742938,-2489.0551143854987
0.0896299768367019,-2484.1094298884705
0.0912317242438621,-2479.1637453248754
0.0905193667673536,-2474.21806076128
0.0897925577707775,-2469.2723761976845
0.0898417892390396,-2464.326691634089
0.0907977993825146,-2459.381007070494
0.0900572409550451,-2454.435322573466
0.0908128716855036,-2449.4896380098703
0.090377852416329,-2444.543953446275
0.0905062911970745,-2439.59826888268
0.0900424565540296,-2434.6525843190843
0.0895500621884889,-2429.706899822056
0.0907972785264854,-2424.7612152584607
0.0900044660165476,-2419.8155306948656
0.0902854095828147,-2414.86984613127
0.0888707295020385,-2409.9241615676747
0.088565467802316,-2404.978477004079
0.0886746866178233,-2400.0327925070515
0.0879153352302446,-2395.087107943456
0.0894518137881654,-2390.1414233798605
0.0883350724984261,-2385.195738816265
0.0890255106714661,-2380.25005425267
0.0880337308274448,-2375.304369755642
0.0877451123560178,-2370.3586851920463
0.0882529052413474,-2365.413000628451
0.0866559570483835,-2360.467316064856
0.0864257479349251,-2355.5216315012603
0.0862908093548046,-2350.575946937665
0.0867275607317961,-2345.6302623740694
0.0850591265793868,-2340.684577877041
0.0857416431066123,-2335.738893313446
0.0847254212793867,-2330.7932087498507
0.0851019681840559,-2325.847524186255
0.0851471021287707,-2320.90183962266
0.0857908674876304,-2315.9561550590647
0.086614055824504,-2311.010470495469
0.0863818222278519,-2306.064785998441
0.0868190719957702,-2301.1191014348456
0.0866870462230315,-2296.1734168712505
0.0858643977381595,-2291.227732307655
0.0853941922851652,-2286.28204774406
0.0851758643452136,-2281.336363180464
0.0852274445026717,-2276.390678616869
0.0846771322849796,-2271.444994119841
0.084458391405634,-2266.4993095562454
0.083211814948108,-2261.55362499265
0.0845423601757488,-2256.607940429055
0.0850418188782713,-2251.6622558654594
0.0857844192282825,-2246.716571301864
0.0867314122178189,-2241.7708867382685
0.0858980324011917,-2236.8252022412407
0.0865589739848322,-2231.8795176776453
0.086124044402615,-2226.93383311405
0.0863244586034569,-2221.9881485504543
0.0869362630449848,-2217.0424639868597
0.0877625520257547,-2212.096779423264
0.0878355589029891,-2207.1510948596683
0.0873280558460152,-2202.20541036264
0.0874131197752742,-2197.259725799045
0.0868325553814392,-2192.3140412354496
0.0860251606048028,-2187.368356671854
0.0871426308261998,-2182.4226721082587
0.0871304997777201,-2177.476987544663
0.0889862474496518,-2172.531302981068
0.0887405999647527,-2167.58561848404
0.0878840829118981,-2162.6399339204445
0.0865524945572304,-2157.694249356849
0.0864841763273621,-2152.748564793254
0.0868680742018287,-2147.8028802296585
0.087238790124658,-2142.857195666063
0.0865656376962981,-2137.911511102468
0.0863157890896639,-2132.96582660544
0.0860054301246528,-2128.0201420418443
0.0847836342743735,-2123.074457478249
0.0842974590730793,-2118.1287729146534
0.0824359885756326,-2113.1830883510584
0.0831235823720987,-2108.237403787463
0.0818188077479211,-2103.2917192238674
0.0820678381556793,-2098.346034726839
0.0806634942882804,-2093.400350163244
0.0805962319863319,-2088.4546655996487
0.0785716173605159,-2083.508981036053
0.0778513340329946,-2078.5632964724578
0.0771042834957806,-2073.6176119088627
0.0773434143711789,-2068.6719273452672
0.0759112873571539,-2063.726242848239
0.0751340198790913,-2058.780558284644
0.0734987466053474,-2053.834873721049
0.0712768667923758,-2048.889189157453
0.0702225538309784,-2043.9435045938576
0.0691328943042492,-2038.997820030262
0.0677860363084665,-2034.0521354666669
0.0671415898504853,-2029.106450969639
0.0658354898330778,-2024.1607664060436
0.0642461668052543,-2019.215081842448
0.0620433472709914,-2014.2693972788527
0.0620589268159668,-2009.3237127152568
0.0622257632873346,-2004.378028151662
0.0606583918483767,-1999.4323435880665
0.0592743051387368,-1994.4866590910383
0.0589526708028016,-1989.540974527443
0.0582320235539658,-1984.595289963848
0.0574344614433143,-1979.6496054002523
0.0569997208258225,-1974.703920836657
0.0568039378713923,-1969.7582362730616
0.0554607310896281,-1964.8125517094663
0.0581737087938016,-1959.866867212438
0.0583135750785559,-1954.921182648843
0.0586199110191221,-1949.9754980852476
0.0582716011536687,-1945.029813521652
0.0603964509946728,-1940.084128958057
0.0608682443110515,-1935.1384443944612
0.0611823297294249,-1930.1927598974328
0.0615346353205499,-1925.247075333838
0.0615193637160957,-1920.3013907702425
0.0637003957536624,-1915.3557062066477
0.0635786540676669,-1910.410021643052
0.0654289598079641,-1905.464337146024
0.0651945093914001,-1900.5186525824283
0.0661341713751654,-1895.572968018833
0.0659697577854448,-1890.6272834552376
0.0650528973947771,-1885.6815988916424
0.0651453899638321,-1880.7359143946144
0.0650641911139788,-1875.790229831019
0.065080138235483,-1870.8445452674237
0.0666655716200164,-1865.898860703828
0.0654430582356219,-1860.9531761402327
0.065695252758621,-1856.0074915766368
0.0686436839891512,-1851.0618070796093
0.0676543017406222,-1846.1161225160135
0.066873081670396,-1841.1704379524183
0.068627528729541,-1836.224753388823
0.0675668339902104,-1831.279068825228
0.0688715844593421,-1826.3333842616323
0.0688299750076437,-1821.387699698037
0.0705068695700873,-1816.4420152010089
0.0707207746078809,-1811.4963306374136
0.0714108143245944,-1806.550646073818
0.0715164364961788,-1801.604961510223
0.0732726227013716,-1796.6592769466274
0.0724836957624464,-1791.7135923830322
0.0733426729522142,-1786.7679078194367
0.0730595196227653,-1781.8222233224087
0.0745586987577358,-1776.8765387588132
0.0753218862887064,-1771.930854195218
0.0748971485176889,-1766.9851696316225
0.0750055091762277,-1762.0394850680273
0.0774907213209075,-1757.0938005044318
0.0777543831748643,-1752.1481159408363
0.0787845198327634,-1747.2024314438083
0.0778746049670648,-1742.256746880213
0.0790649799159831,-1737.3110623166176
0.0798657102141826,-1732.3653777530224
0.080349523463123,-1727.4196931894269
0.0797554393542906,-1722.4740086258316
0.0804770859776654,-1717.5283240622362
0.0808030551146506,-1712.5826395652082
0.0808469308766116,-1707.6369550016127
0.0810197147692293,-1702.6912704380177
0.0804638139272968,-1697.745585874422
0.0796390995953682,-1692.7999013108265
0.0791958058186496,-1687.8542167472312
0.077859173625997,-1682.9085321836358
0.0771677566860265,-1677.9628476866078
0.0767743615012238,-1673.0171631230123
0.0767493137762958,-1668.071478559417
0.0755075727344535,-1663.1257939958216
0.0761594159243317,-1658.1801094322263
0.0763526377679911,-1653.2344248686309
0.0761904432381199,-1648.2887403050356
0.0751685175748412,-1643.3430558080074
0.0748995468655552,-1638.3973712444122
0.0751723880067711,-1633.4516866808167
0.0738129861539382,-1628.5060021172214
0.0730539425553809,-1623.560317553626
0.0721929398402001,-1618.6146329900307
0.0718890263869224,-1613.6689484264352
0.0718397486983534,-1608.7232639294073
0.0714747931764696,-1603.7775793658118
0.0702128833506199,-1598.8318948022163
0.0705311737310265,-1593.886210238621
0.0701910771613901,-1588.9405256750258
0.0697255971510576,-1583.9948411114303
0.0701615311648903,-1579.049156547835
0.0702783243028086,-1574.1034720508069
0.0698847673136276,-1569.1577874872116
0.0683453548721977,-1564.2121029236162
0.0687312928431397,-1559.266418360021
0.0683439088712755,-1554.3207337964254
0.0672703639463238,-1549.3750492328302
0.0671039540552802,-1544.4293646692347
0.0666253372553207,-1539.4836801722067
0.0659525381539098,-1534.5379956086113
0.0648100376989757,-1529.592311045016
0.0646012145102528,-1524.6466264814203
0.0640976888220537,-1519.700941917825
0.0632415961238756,-1514.7552573542298
0.0622563825919448,-1509.8095727906343
0.0620656030662687,-1504.8638882936064
0.0607949525276419,-1499.9182037300109
0.0606071363549879,-1494.9725191664156
0.0583374456815559,-1490.02683460282
0.0585564559021905,-1485.081150039225
0.058228616532318,-1480.1354654756294
0.0579126010005884,-1475.1897809120342
0.0583682150699616,-1470.244096415006
0.056152414750536,-1465.2984118514107
0.05577605446845,-1460.3527272878152
0.0552092078115759,-1455.40704272422
0.0559958400457865,-1450.4613581606245
0.0570390908489553,-1445.5156735970293
0.057587082331614,-1440.5699890334338
0.0583927434771129,-1435.6243045364058
0.0596585945379408,-1430.6786199728103
0.0596223774555404,-1425.732935409215
0.0616182831895313,-1420.7872508456196
0.0632960905129803,-1415.8415662820244
0.06514058645363,-1410.8958817849962
0.0665201412769441,-1405.950197221401
0.0676390907333505,-1401.0045126578054
0.067790396538846,-1396.0588280942102
0.0697907608724097,-1391.1131435306147
0.0717715115095231,-1386.1674589670197
0.0733651728833469,-1381.2217744699913
0.0746232369970157,-1376.276089906396
0.0764327058810856,-1371.3304053428003
0.0773210143575342,-1366.3847207792053
0.0790657390979552,-1361.4390362156098
0.0808825715416797,-1356.4933517185818
0.0823888721595128,-1351.5476671549864
0.0817563055809864,-1346.601982591391
0.0833976538744873,-1341.6562980277956
0.0825134183768573,-1336.7106134642002
0.086205415960248,-1331.764928900605
0.0854557981852472,-1326.8192444035767
0.0873495464698132,-1321.8735598399817
0.087374595534967,-1316.927875276386
0.0888393571359986,-1311.9821907127907
0.088171730951313,-1307.0365061491952
0.0898917498847399,-1302.0908215856
0.0893795903953625,-1297.1451370220043
0.0903192275195586,-1292.1994525249766
0.0900733005457431,-1287.253767961381
0.0922148546995809,-1282.3080833977858
0.0927822363657772,-1277.3623988341903
0.0925570493502535,-1272.416714270595
0.0927289656591785,-1267.4710297069996
0.0938576584585541,-1262.5253451434044
0.0911438233132759,-1257.5796606463762
0.0919735390350837,-1252.633976082781
0.092332175920732,-1247.6882915191854
0.0933791071850025,-1242.7426069555902
0.0918962437635795,-1237.7969223919947
0.0914217037330812,-1232.8512378283997
0.092531101094529,-1227.905553264804
0.0907614615427737,-1222.959868767776
0.0928862663230871,-1218.0141842041803
0.0925934419333374,-1213.0684996405853
0.0918810411800702,-1208.1228150769898
0.0927284457092689,-1203.1771305133946
0.091624021264886,-1198.231445949799
0.0914926686826087,-1193.2857613862038
0.0916370452956167,-1188.3400768891756
0.0918381089215833,-1183.3943923255804
0.0916684927866781,-1178.448707761985
0.092120630263346,-1173.5030231983894
0.0918143987197735,-1168.5573386347942
0.0915223519887573,-1163.6116540711987
0.0928041648367525,-1158.6659695076034
0.0930501123944591,-1153.7202850105753
0.0936323873219907,-1148.77460044698
0.0940484517124579,-1143.8289158833843
0.0937695156041988,-1138.8832313197893
0.0948914556025662,-1133.9375467561938
0.0944419851656323,-1128.9918621925983
0.0963843066784809,-1124.046177629003
0.0957117385022846,-1119.100493131975
0.0954680622394434,-1114.1548085683796
0.0954672197178327,-1109.2091240047844
0.0937201014883014,-1104.263439441189
0.0938494676702171,-1099.3177548775936
0.0941917310792197,-1094.3720703139982
0.0945574571532491,-1089.426385750403
0.0936217051191627,-1084.4807012533747
0.0942114880995533,-1079.5350166897797
0.0948817653816981,-1074.589332126184
0.0949345134457596,-1069.6436475625887
0.0967282366851141,-1064.6979629989933
0.096335130450034,-1059.752278435398
0.0964352538699566,-1054.8065938718023
0.0965509563974538,-1049.8609093747746
0.0980179016730305,-1044.915224811179
0.0986260516257193,-1039.9695402475838
0.0994835058239457,-1035.0238556839884
0.0995615472901889,-1030.078171120393
0.1001282708659824,-1025.1324865567976
0.100032737257137,-1020.1868019932024
0.0999975474726393,-1015.2411174961742
0.100611230301821,-1010.2954329325788
0.1008058720408707,-1005.3497483689836
0.1004573056132178,-1000.404063805388
0.1014954793138731,-995.4583792417928
0.1018064531736475,-990.5126946781974
0.1003096396950085,-985.567010114602
0.1023016151856145,-980.621325617574
0.1039189100098722,-975.6756410539786
0.103092298470642,-970.7299564903832
0.1038907428802401,-965.7842719267878
0.1036520064091562,-960.8385873631923
0.1045526296058553,-955.8929027995972
0.1047689584751599,-950.9472182360016
0.1056452022600897,-946.0015337389736
0.1050400543465841,-941.0558491753784
0.105824100747461,-936.1101646117828
0.1055032135937659,-931.1644800481876
0.1067158289850695,-926.218795484592
0.1077542397394658,-921.2731109209968
0.107500862005863,-916.3274263574014
0.1075524803739794,-911.3817418603732
0.1081908368597387,-906.436057296778
0.1099039653110593,-901.4903727331824
0.1092158718485127,-896.5446881695872
0.1093560583066097,-891.5990036059918
0.1093660365857079,-886.6533191089637
0.1116209760480847,-881.7076345453684
0.1111758606896479,-876.761949981773
0.1113586231786548,-871.8162654181776
0.1128262631022843,-866.8705808545823
0.1130023213386679,-861.9248962909869
0.1124038885953634,-856.9792117939588
0.1138706710314379,-852.0335272303635
0.1148817002524085,-847.0878426667681
0.1150385179109038,-842.1421581031727
0.1163842344619837,-837.1964735395774
0.116657888327123,-832.2507890425493
0.1167657895870788,-827.3051044789539
0.1156609703627914,-822.3594199153586
0.1171489556005512,-817.4137353517632
0.1186676773758489,-812.4680507881678
0.1182699127988662,-807.5223662911397
0.1179129139100483,-802.5766817275444
0.1195382383921098,-797.630997163949
0.1183501510190018,-792.6853126003537
0.1181774488791699,-787.7396280367583
0.1193246215009053,-782.7939434731629
0.1199145217040175,-777.8482589095676
0.1206915339332063,-772.9025744125395
0.1192666268366814,-767.9568898489441
0.1202769536487827,-763.0112052853488
0.1208323060503481,-758.0655207217534
0.1214488920944089,-753.119836158158
0.1210540677332893,-748.1741515945625
0.1212179909698662,-743.2284670309672
0.1220442474426642,-738.2827825339392
0.1229092603155368,-733.3370979703437
0.1211461796840668,-728.3914134067484
0.1216765254906902,-723.445728843153
0.1220381012014396,-718.5000442795576
0.1226518454968215,-713.5543597159623
0.123121421638887,-708.6086751523669
0.1251206839053698,-703.6629905887715
0.1234288729841843,-698.7173060917435
0.1243269710735675,-693.7716215281481
0.1255563669181005,-688.8259369645527
0.1262354934578477,-683.8802524009574
0.1266284850499162,-678.934567837362
0.1260418506308883,-673.9888832737666
0.1265487214578348,-669.0431987101713
0.1262517200469722,-664.0975142131432
0.1261354225469161,-659.1518296495478
0.1267855570639615,-654.2061450859525
0.1275876267972477,-649.2604605223571
0.127904440625956,-644.3147759587617
0.1270378572063828,-639.3690913951664
0.1275517136393592,-634.423406831571
0.1291074349094496,-629.4777223345429
0.1278238800047293,-624.5320377709476
0.1269764604460362,-619.5863532073522
0.1280306478992809,-614.6406686437568
0.1287003894184447,-609.6949840801615
0.1282094851367063,-604.7492995165661
0.128500618054256,-599.8036149529707
0.1298159862750219,-594.8579304559427
0.1308717787698951,-589.9122458923473
0.131815725314507,-584.9665613287519
0.1321355630198573,-580.0208767651565
0.132364696761543,-575.0751922015611
0.1349226811974055,-570.1295076379657
0.1360371939100319,-565.1838230743704
0.1364086633757565,-560.2381385773423
0.1379197201839177,-555.2924540137469
0.1393540702574086,-550.3467694501516
0.1406601991865221,-545.4010848865562
0.1421192914209771,-540.4554003229608
0.1435743391291918,-535.5097157593655
0.145430483900376,-530.5640311957701
0.1470599678544121,-525.618346698742
0.1487708015477125,-520.6726621351467
0.1481019323593684,-515.7269775715513
0.1517156900310418,-510.7812930079559
0.1529667566215042,-505.83560844436056
0.1565442755461065,-500.8899238807652
0.1566656884387524,-495.9442393171698
0.1577545063250239,-490.99855482014175
0.1588458753425365,-486.0528702565464
0.1606753811236876,-481.107185692951
0.1621321139312181,-476.16150112935566
0.1620308112086744,-471.2158165657603
0.1638557035779517,-466.2701320021649
0.1639694584951366,-461.3244474385695
0.1643333885048044,-456.3787629415415
0.1642449892872126,-451.43307837794606
0.1646184055789858,-446.4873938143507
0.1661262499244269,-441.5417092507553
0.1663230642010217,-436.59602468716
0.1664125582139142,-431.6503401235646
0.1678209549674587,-426.7046555599693
0.1684160689041642,-421.7589710629412
0.1680063980864771,-416.8132864993458
0.1681839807542084,-411.8676019357504
0.1683928972592152,-406.9219173721551
0.1683739534015153,-401.9762328085597
0.1679027667316036,-397.03054824496434
0.1684355535961716,-392.08486374793625
0.1693916260257268,-387.1391791843409
0.1694982214098104,-382.1934946207455
0.1704500673780206,-377.24781005715016
0.1714487614082745,-372.30212549355474
0.1707773495867175,-367.3564409299594
0.169567882349881,-362.41075643293135
0.1706847053608624,-357.465071869336
0.1712876051298076,-352.51938730574057
0.1714798828255361,-347.5737027421452
0.1711234145127997,-342.62801817854984
0.1717104767087759,-337.6823336815217
0.1723417886917629,-332.7366491179264
0.1733667195833419,-327.790964554331
0.1726231602064443,-322.84527999073566
0.1730573021272788,-317.8995954271403
0.1732381828896623,-312.95391086354493
0.1721921866880145,-308.00822636651685
0.1717293093107414,-303.0625418029215
0.1734507656238176,-298.1168572393261
0.1738471563689269,-293.1711726757308
0.1725581008052904,-288.2254881121354
0.1724199494932046,-283.2798036151073
0.1729686472516694,-278.33411905151195
0.1730208738146105,-273.3884344879166
0.1710434309201868,-268.4427499243212
0.1717742721686702,-263.4970653607258
0.1718398964283356,-258.55138079713043
0.1729326770059698,-253.60569623353507
0.1721564585139087,-248.66001173650704
0.1716195091187132,-243.7143271729116
0.1721889099475404,-238.76864260931623
0.1729744456405351,-233.8229580457209
0.1730225018206522,-228.87727348212556
0.1744113168130107,-223.93158891853017
0.1744188516421477,-218.9859043549348
0.1746658491679847,-214.04021985790672
0.1764928034482575,-209.09453529431136
0.1784830541053602,-204.148850730716
0.1786298689993843,-199.2031661671206
0.1800835147866742,-194.25748160352524
0.1813506982904537,-189.31179703992987
0.1823184567628772,-184.3661124763345
0.1832055061402711,-179.42042797930642
0.1839926092181446,-174.47474341571106
0.1842871664801246,-169.5290588521157
0.1847833149285168,-164.5833742885203
0.1856170981133763,-159.63768972492494
0.1881387519093733,-154.69200516132958
0.1896488366231581,-149.7463205977342
0.1916685683333323,-144.80063610070613
0.1933903969284009,-139.85495153711076
0.1951572552079494,-134.9092669735154
0.1967208602696858,-129.96358240992004
0.1992323841818008,-125.01789784632466
0.2012751575281517,-120.07221328272928
0.2025434372118303,-115.12652871913392
0.2053241842302932,-110.18084422210585
0.2069665377283399,-105.23515965851048
0.2090693873323224,-100.2894750949151
0.2105754676806652,-95.34379053131973
0.212981082932445,-90.39810596772436
0.2145867284627026,-85.452421404129
0.2159460157851748,-80.50673684053362
0.2190299599333781,-75.56105227693826
0.2203341437937533,-70.61536777991019
0.2217779517490545,-65.66968321631481
0.2241753134138629,-60.723998652719445
0.2248297447031189,-55.77831408912407
0.2266412724152204,-50.8326295255287
0.229518553754643,-45.88694496193333
0.2312297029411173,-40.94126039833796
0.232635461934855,-35.99557590130989
0.233116336112757,-31.04989133771452
0.2353006448342016,-26.10420677411915
0.2364151290933007,-21.15852221052378
0.2383492618511927,-16.21283764692841
0.2393749236059491,-11.26715308333304
0.241213743995613,-6.32146851973767
0.2429847642260749,-1.375784022709598
0.243682028077216,3.569900540885772
0.2465242339844847,8.515585104481142
0.2464828765917228,13.461269668076511
0.2477840870154747,18.40695423167188
0.2488525110053193,23.3526387619836
0.2497137417933842,28.298323325578973
0.2510647268311511,33.24400785589069
0.2525515558484724,38.18969241948607
0.2554527618456145,43.13537698308144
0.255766591102915,48.08106151339315
0.2580552852077862,53.02674607698852
0.2585450424208727,57.972430640583895
0.260474278077855,62.91811520417927
0.2626987677638869,67.86379973449098
0.2627568419656204,72.80948429808636
0.264707829924192,77.75516882839807
0.2654008316721016,82.70085339199345
0.2670146092935378,87.64653795558881
0.2688957121443652,92.5922225191842
0.2697356226350139,97.53790708277955
0.2713136186981257,102.48359157980762
0.2730187534931523,107.429276143403
0.273900252419919,112.37496070699837
0.2756261370342604,117.32064527059374
0.2767983190973654,122.26632983418912
0.2776443371596173,127.21201439778449
0.2801773953129992,132.15769896137985
0.2818819170078329,137.1033834584079
0.2830309653914643,142.0490680220033
0.2831104552665329,146.99475258559866
0.2847451853765932,151.94043714919405
0.2855380068899852,156.8861217127894
0.2874187495347762,161.83180627638478
0.2879572545682446,166.77749083998015
0.2891437726110105,171.7231753370082
0.289819065022782,176.6688599006036
0.2914738019744216,181.61454446419896
0.2925706672368824,186.56022902779432
0.2943763934826219,191.50591359138969
0.2950828527131034,196.45159815498505
0.2953537320144285,201.39728271858044
0.2971278829193674,206.3429672156085
0.2982914701134219,211.28865177920383
0.2984751825223818,216.23433634279925
0.2989725907666876,221.18002090639465
0.300374249127825,226.12570546999
0.3009840355109937,231.07139003358532
0.302061388767313,236.0170745971807
0.3021369038838238,240.9627590942088
0.3038299547414855,245.90844365780416
0.3038718922860344,250.85412822139952
0.3048045316565778,255.7998127849949
0.3048619506317382,260.7454973485903
0.3053588129487431,265.69118191218564
0.3066023218514408,270.63686644249736
0.3054924609525442,275.5825509728091
0.3062970191374728,280.52823553640445
0.3064539701528356,285.4739200999998
0.3071067897430908,290.4196046635952
0.3077749608171659,295.3652891939069
0.3079734267564545,300.31097375750227
0.3086030113572139,305.25665832109763
0.3095966943363066,310.20234285140936
0.3094925645547893,315.1480274150047
0.3090746612766207,320.09371197860014
0.310705436836561,325.03939650891186
0.3110510137405581,329.9850810725072
0.3118037837777561,334.9307656361026
0.3116475315248275,339.876450199698
0.3119880385922564,344.8221347300097
0.3123124653050432,349.7678192603214
0.3120974832860287,354.7135038239168
0.3113398136576811,359.65918838751213
0.3113647435472366,364.6048729511075
0.3112425184150116,369.55055751470286
0.3122257338486305,374.4962420782982
0.3109113992058055,379.4419265753263
0.3118767766229379,384.38761113892167
0.3110646093981771,389.333295702517
0.3108718961797241,394.2789802661124
0.3123175596127203,399.22466482970776
0.3120898346738966,404.1703493933032
0.3105150240812082,409.11603395689855
0.3129620682342894,414.0617184539266
0.311858789340326,419.007403017522
0.3133258128029113,423.95308758111736
0.3145772695736496,428.8987721447127
0.3141473356903456,433.8444567083081
0.3137176511319696,438.79014127190345
0.3135419752601255,443.7358258354988
0.3134278941576088,448.6815103325269
0.3132909208061287,453.6271948961223
0.3125444213082092,458.5728794597176
0.3129136201949106,463.518564023313
0.3136191436292014,468.4642485869084
0.3122893368833597,473.4099331505037
0.3134829007930854,478.3556177140992
0.3128868822897004,483.3013022111272
0.3122580854516926,488.2469867747225
0.3116721580108253,493.192671338318
0.3118423251758869,498.1383559019133
0.310149727466228,503.0840404655087
0.3088243982365821,508.029725029104
0.3082845919334477,512.9754095926994
0.3082515483242689,517.9210940897275
0.3066571776549238,522.8667786533229
0.3056039050406559,527.8124632169182
0.3037670784848703,532.7581477805136
0.3024601574419979,537.703832344109
0.3023694389627183,542.6495169077043
0.3007592582038945,547.595201438016
0.2988963284989329,552.5408860016114
0.2977472334084863,557.4865705319231
0.2961456922962829,562.4322550955185
0.2945984096424895,567.3779396591138
0.2946803429024461,572.3236241894256
0.2936574663170705,577.2693087530209
0.2917476747822148,582.2149933166163
0.2891347269600733,587.1606778802117
0.2891136305243236,592.1063624105234
0.2871882368189665,597.0520469408351
0.2859957665267285,601.9977315044305
0.2833529993135169,606.9434160680258
0.2817244372787997,611.8891006316212
0.2796798458850303,616.8347851952167
0.2779022045835905,621.780469758812
0.2770519284216528,626.72615425584
0.2748940099787889,631.6718388194355
0.2735612637234136,636.6175233830309
0.2714945530270135,641.5632079466262
0.2703197811585628,646.5088925102216
0.2668003989221292,651.454577073817
0.2671015206843068,656.4002616374123
0.2659892229468978,661.3459461344404
0.2653820714015514,666.2916306980358
0.2636674311865122,671.2373152616311
0.2624140972822152,676.1829998252265
0.2612894523991197,681.1286843888219
0.2618016412755822,686.0743689524172
0.2610657428186099,691.0200535160126
0.2595693228004025,695.9657380130407
0.2590109007911342,700.911422576636
0.2584963421242879,705.8571071402314
0.256654651086054,710.8027917038268
0.258241549379982,715.7484762674221
0.2573212093746221,720.6941608310175
0.2570953154556625,725.6398453946128
0.2553647698011919,730.5855298916409
0.2555203596496717,735.5312144552363
0.2556538414485391,740.4768990188317
0.2542550684943933,745.422583582427
0.2534465015738103,750.3682681460224
0.2524349180664708,755.3139527096178
0.2527038706409795,760.2596372732131
0.2525300301366832,765.2053217702412
0.2518467313815037,770.1510063338366
0.2499165874885835,775.0966908974319
0.2498912285464362,780.0423754610273
0.2489109347116189,784.9880600246228
0.2491793215799912,789.9337445882181
0.247491938371514,794.8794291185299
0.2479078543842086,799.8251136488416
0.2488656587187512,804.770798212437
0.2476053809660726,809.7164827760323
0.2484690304825084,814.6621673396277
0.2498570932936069,819.6078518699394
0.2496534776884313,824.5535364335348
0.2490249690457018,829.4992209971301
0.2494224520910653,834.4449055274418
0.2510119612451033,839.3905900910372
0.2505164085119317,844.3362746546326
0.2510205684453293,849.2819591849443
0.2508325587600658,854.2276437485397
0.2506201769137438,859.173328312135
0.2511447212232462,864.1190128757304
0.2505973007109925,869.0646974060421
0.2505831213144395,874.0103819363538
0.2498546282478644,878.9560664999492
0.2504573805070426,883.9017510635446
0.2502100073431348,888.8474356271399
0.250834656535767,893.7931201907353
0.2513768173719416,898.7388047543307
0.2509019659030567,903.6844892513589
0.2516765267412873,908.630173814954
0.2523136560162499,913.5758583785496
0.2528929732751281,918.5215429421448
0.2530796782366258,923.4672275057402
0.2525481974925787,928.4129120693356
0.2526385924372277,933.3585966329308
0.2525870875254251,938.304281129959
0.2528759460658599,943.2499656935544
0.2519108027306054,948.1956502571496
0.2505165976717433,953.1413348207452
0.2516264466216959,958.0870193843406
0.2511732047973583,963.032703947936
0.2506230398112404,967.9783885115312
0.2502338707299426,972.9240730085594
0.2515731359755015,977.8697575721548
0.250908187877069,982.81544213575
0.2510702685665885,987.7611266993456
0.2508817836040321,992.7068112629408
0.2503601980097618,997.6524958265362
0.2510500600346392,1002.5981803901316
0.2507561731413096,1007.5438648871595
0.2499523334177515,1012.489549450755
0.2500462969490498,1017.4352340143504
0.2498964217934497,1022.3809185779456
0.2488947887376555,1027.326603141541
0.2488521007806871,1032.2722877051365
0.2475895866085626,1037.217972268732
0.247348392476235,1042.16365676576
0.2471188748282218,1047.1093413293552
0.2477701755731037,1052.0550258929509
0.2474242809153662,1057.000710456546
0.2474290148577223,1061.9463950201414
0.2475954731076634,1066.8920795504532
0.2484887262433586,1071.8377641140485
0.24941499681859,1076.7834486443603
0.2500336431321429,1081.7291332079556
0.2506576286666665,1086.674817771551
0.2527947762744255,1091.6205023351465
0.2540704201681021,1096.566186865458
0.2548417965314272,1101.5118714290534
0.2557844451194671,1106.4575559926488
0.2570457523189193,1111.4032405229605
0.2584247197210245,1116.348925086556
0.2598822188947375,1121.2946096168675
0.2609011395241136,1126.240294180463
0.2618813051155172,1131.1859787440585
0.2640375358228316,1136.1316633076538
0.2646049226173683,1141.077347871249
0.2643013305180844,1146.0230324015608
0.2676770230191156,1150.9687169318725
0.2684845750543746,1155.914401495468
0.2697766945946428,1160.8600860590632
0.2705957990611212,1165.8057706226589
0.2722601312821031,1170.751455186254
0.2729847129233648,1175.6971397498494
0.2744021278774656,1180.6428243134446
0.2766523848664384,1185.5885088104728
0.2776666476305029,1190.534193374068
0.279239928393954,1195.4798779376636
0.2815854667258995,1200.4255625012588
0.2831442335508538,1205.3712470648543
0.2855335152482218,1210.3169316284498
0.2880085517776466,1215.262616192045
0.2891667832215885,1220.208300689073
0.2919702831519007,1225.1539852526685
0.2928527702266296,1230.099669816264
0.2960749788972364,1235.0453543798592
0.2974454708959381,1239.991038943455
0.2993434587143342,1244.93672350705
0.301262633687106,1249.8824080706454
0.3034450033672425,1254.8280925676734
0.3052474649930554,1259.7737771312688
0.3069719177138655,1264.719461694864
0.3090886805947235,1269.6651462584596
0.311691303006002,1274.6108308220548
0.3133679964246483,1279.5565153856503
0.3151560970248171,1284.5021999492456
0.3180789338670343,1289.4478844462735
0.3200511353878664,1294.393569009869
0.3245167332653487,1299.3392535734645
0.3266594990704872,1304.2849381370595
0.3287015694593927,1309.2306227006552
0.3324559611976882,1314.1763072309668
0.3355171211728186,1319.1219917945623
0.3397431193396756,1324.067676324874
0.3429835599835138,1329.0133608884694
0.3461528243168864,1333.9590454520646
0.3506916065448172,1338.90473001566
0.3533683499887196,1343.8504145459715
0.358397693778873,1348.7960991095672
0.3641333894013511,1353.7417836731624
0.3677493958684851,1358.6874682034745
0.3718563743077022,1363.6331527670695
0.3763175433852364,1368.5788372973814
0.3819428817834717,1373.5245218609766
0.3859148188516844,1378.470206424572
0.3909212476027098,1383.4158909881676
0.397438916290542,1388.3615755517628
0.4019418733682907,1393.307260082075
0.4072346632885817,1398.2529446123865
0.4129810061873066,1403.1986291759818
0.4180311037719268,1408.144313739577
0.4244342206031544,1413.0899983031725
0.4311448267546386,1418.0356828667675
0.4378364987507283,1422.9813674303632
0.443468019497823,1427.9270519273912
0.4516647800212515,1432.8727364909869
0.4585703489500939,1437.818421054582
0.4668370567811556,1442.7641056181774
0.4735369581580214,1447.7097901817726
0.4826524600662116,1452.655474745368
0.490710702361433,1457.6011593089634
0.4999675060623166,1462.5468438059916
0.5079956292993032,1467.4925283695868
0.5163591642159739,1472.4382129331825
0.5273824564040246,1477.3838974967775
0.5360841422006015,1482.329582060373
0.5468665951326683,1487.2752666239685
0.5582698504435863,1492.2209511875635
0.5672602333956623,1497.1666356845917
0.5804681124992663,1502.1123202481872
0.58960018536127,1507.0580048117824
0.6018699017203077,1512.003689375378
0.6119876139742645,1516.9493739389732
0.6263942546157246,1521.8950585025686
0.6385614177113527,1526.840743066164
0.6514847252166053,1531.786427563192
0.6658588250082784,1536.7321121267871
0.6814576612838052,1541.6777966903828
0.6946341405733951,1546.623481253978
0.7096456183311897,1551.5691658175735
0.7235239964343883,1556.514850381169
0.7402881477182082,1561.4605349447645
0.7566569397234832,1566.4062194417925
0.7720443323802398,1571.3519040053875
0.7881181728298293,1576.2975885689832
0.8055932164255799,1581.2432731325785
0.8226167538873913,1586.188957696174
0.8422023030672541,1591.1346422264855
0.8592318675056628,1596.080326790081
0.8793856557721786,1601.0260113203926
0.89632936662568,1605.971695883988
0.915426586604616,1610.9173804475834
0.9375923285592378,1615.8630649778952
0.9563361119554205,1620.8087495414904
0.977336595008166,1625.754434105086
0.998646501578623,1630.7001186686812
1.0195049394149205,1635.645803198993
1.0465707963385529,1640.5914877625885
1.0675656936041595,1645.5371722929
1.0925414387030958,1650.4828568564951
1.114721405993992,1655.4285414200908
1.1396913651812446,1660.374225983686
1.16562841299699,1665.3199105472816
1.188354225320916,1670.2655950443095
1.2140234285299534,1675.211279607905
1.2430753556762943,1680.1569641715002
1.2672288901050983,1685.1026487350955
1.2959888324255122,1690.048333298691
1.3236128431695595,1694.9940178622865
1.3520665465928237,1699.9397024258817
1.3784373919651405,1704.88538692291
1.4064071188981269,1709.8310714865052
1.4388129579629718,1714.7767560501006
1.467396770335616,1719.722440613696
1.4972637443564372,1724.6681251772914
1.5295859034590025,1729.6138097408868
1.5591530195415122,1734.559494304482
1.5938656175849086,1739.50517880151
1.6269787114146137,1744.4508633651055
1.6598029242042969,1749.396547928701
1.6897998411763735,1754.3422324922965
1.72387772734337,1759.2879170558915
1.7613062953448222,1764.233601619487
1.7928569466099031,1769.1792861830825
1.8300901304127373,1774.1249706801104
1.8656126937608344,1779.070655243706
1.8966605000975405,1784.0163398073012
1.9362585569075077,1788.9620243708966
1.97112236655908,1793.907708934492
2.0084101883311183,1798.8533934980874
2.040855247968301,1803.7990780616824
2.07998171379268,1808.744762625278
2.114622083004219,1813.690447122306
2.147897890750292,1818.636131685901
2.1837994286597158,1823.5818162494968
2.2240424440299504,1828.5275008130925
2.2570849294923727,1833.4731853766875
2.2967996355962947,1838.4188699069996
2.3331347150225645,1843.3645544705944
2.3702858224373395,1848.3102390009064
2.4022469927428305,1853.2559235645017
2.445331207028391,1858.2016081280967
2.481625630342573,1863.1472926916924
2.514318735468273,1868.0929772220045
2.550848652650141,1873.0386617855995
2.590106682263663,1877.984346349195
2.6233343748747187,1882.9300308795064
2.663329303114735,1887.875715443102
2.697760759482249,1892.8213999734137
2.733125267191254,1897.7670845370087
2.7635429637182187,1902.7127691006049
2.8038115222576723,1907.6584536642
2.8386890212101186,1912.6041382277956
2.868381349149794,1917.5498227248236
2.90118350201745,1922.4955072884188
2.9390757574449564,1927.441191852014
2.970908493080514,1932.386876415609
3.0039464929638724,1937.3325609792048
3.0365718147747183,1942.2782455428005
3.069448036535898,1947.2239301063955
3.0971586199346524,1952.169614603424
3.13113750543527,1957.115299167019
3.160385355109033,1962.0609837306145
3.187698394438793,1967.0066682942097
3.2205447917368346,1971.9523528578047
3.250034775846243,1976.8980374214004
3.274497908442016,1981.843721984996
3.304580201356045,1986.789406482024
3.332720966305456,1991.7350910456196
3.359340582392808,1996.6807756092144
3.3842462664092894,2001.62646017281
3.4118319094327845,2006.572144736405
3.43573255155624,2011.5178293000008
3.457807258148999,2016.463513863596
3.485623671502131,2021.4091983606245
3.5087175231514323,2026.3548829242195
3.529064739269766,2031.300567487815
3.551835118613225,2036.2462520514105
3.573119198034868,2041.1919366150055
3.594248002987872,2046.137621178601
3.6117910546871386,2051.0833057421964
3.632374381444609,2056.0289902392246
3.6513978332308574,2060.97467480282
3.6685251957424176,2065.920359366415
3.687135090547666,2070.8660439300106
3.702551573074591,2075.811728493606
3.717710950313752,2080.7574130572016
3.732168733897168,2085.703097587513
3.747260097880552,2090.648782117825
3.7630963510063777,2095.5944666814203
3.775270065907369,2100.540151245016
3.784061412807216,2105.485835808611
3.794314452921948,2110.4315203722063
3.8048920621253415,2115.377204902518
3.81544129729913,2120.3228894661133
3.825425281588536,2125.268573996425
3.8337359185907127,2130.2142585600204
3.842524026143173,2135.159943123616
3.849056957871599,2140.1056276539275
3.8560417468039736,2145.051312217523
3.861408421624876,2149.9969967811185
3.864892432212652,2154.942681344713
3.869992199195765,2159.8883658750256
3.873737474832782,2164.8340504386206
3.8787964229950886,2169.7797349689326
3.8794810588000543,2174.725419532528
3.880781704397836,2179.671104096123
3.88217213377021,2184.6167886597186
3.881227669299184,2189.562473223314
3.881624895569279,2194.508157720342
3.8798397073602415,2199.4538422839373
3.878624114358992,2204.399526847533
3.876668764627305,2209.3452114111283
3.8735157671677936,2214.2908959747238
3.87054736231678,2219.236580538319
3.866449281783456,2224.1822651019143
3.860592782587146,2229.1279495989425
3.8578798488373343,2234.073634162537
3.849909233313101,2239.019318726133
3.842933445484641,2243.9650032897284
3.8363364587019495,2248.910687853324
3.8278729709432766,2253.8563724169194
3.8180178783214025,2258.8020569805144
3.8088276265295646,2263.7477414775426
3.797153661856364,2268.693426041138
3.788991408278947,2273.6391106047336
3.777633054564823,2278.5847951683286
3.766946017471205,2283.530479731924
3.755271720639771,2288.4761642955195
3.742268036497757,2293.421848859115
3.730001188928649,2298.3675333561428
3.716734896132131,2303.3132179197382
3.7040546739538502,2308.2589024833337
3.688941133306604,2313.204587046929
3.6741467086679487,2318.150271610524
3.6588815829594497,2323.09595617412
3.640792427045612,2328.041640737715
3.6273491847318127,2332.987325234744
3.608988697227512,2337.9330097983384
3.5926660729147755,2342.878694361934
3.5748936254027748,2347.8243789255293
3.55567868586834,2352.770063489125
3.538291462888333,2357.71574805272
3.520930519351623,2362.661432583032
3.501154555440529,2367.6071171133435
3.482010369979219,2372.552801676939
3.4605205633855194,2377.498486240534
3.442793337603954,2382.444170804129
3.419598467610509,2387.389855334441
3.4011361132182785,2392.3355398980366
3.3810175448381528,2397.281224461632
3.360815589103848,2402.226908991944
3.3411785188995404,2407.172593555539
3.3185985913081724,2412.118278119134
3.2963382901709126,2417.0639626494462
3.275381285194694,2422.0096472130417
3.252239864147892,2426.955331776637
3.233063706636385,2431.901016340232
3.208450677906915,2436.846700903828
3.1887148558750105,2441.792385400856
3.165374862413308,2446.738069964452
3.1416139343742358,2451.6837545280464
3.118112718344615,2456.629439091642
3.0943881877986024,2461.5751236552373
3.07062032587087,2466.520808218833
3.04681865244507,2471.466492782428
3.020839499208708,2476.412177279456
2.9958047240283463,2481.3578618430515
2.9698925799919875,2486.303546406647
2.9473917138838304,2491.249230970242
2.923744106438888,2496.194915533837
2.8972408724174654,2501.140600097433
2.8755505821943608,2506.0862846610285
2.851352923885337,2511.031969158056
2.8282498921649646,2515.977653721652
2.805462002143384,2520.923338285247
2.778948715373378,2525.869022848842
2.7563988759011,2530.8147074124377
2.730389906700868,2535.760391976033
2.707170253447413,2540.7060765396286
2.682943983159007,2545.651761036657
2.656920585402462,2550.597445600252
2.6344864961990617,2555.5431301638478
2.610845375108274,2560.488814727443
2.5861264387373595,2565.4344992910383
2.5615106204484563,2570.3801838546333
2.534683559292484,2575.3258684182288
2.5118098018399118,2580.271552915257
2.48483474858905,2585.2172374788524
2.4618205527065924,2590.162922042448
2.437590558052933,2595.108606606043
2.4099009128664948,2600.0542911696384
2.3882682075712403,2604.999975733234
2.3636970976646814,2609.945660263545
2.3369443633775875,2614.891344793857
2.3138475244631,2619.8370293574526
2.2880003738116894,2624.782713921048
2.2649506600288847,2629.7283984846435
2.241840016258384,2634.6740830482386
2.2199314614082493,2639.61976757855
2.194969417377283,2644.5654521421457
2.170897876836148,2649.5111366724577
2.149784545685317,2654.4568212360527
2.1268102300324605,2659.402505799648
2.101568480887538,2664.34819032996
2.079702898154481,2669.2938748935558
2.054542504233216,2674.239559457151
2.031494601716335,2679.1852440207463
2.00931664368612,2684.130928551058
1.989218430754576,2689.076613081369
1.9676894416131996,2694.022297644965
1.943010513041693,2698.9679822085604
1.9232774554282264,2703.9136667721555
1.9009414665250948,2708.859351335751
1.8784961356344003,2713.8050358993464
1.858266822185786,2718.7507203963746
1.835880681326644,2723.6964049599696
1.8148612430375453,2728.642089523565
1.7956650272055854,2733.5877740871606
1.775989216772936,2738.533458650756
1.7527737652667827,2743.479143214351
1.732602917132533,2748.4248277779466
1.7144405809342302,2753.3705122749748
1.694059497523685,2758.3161968385702
1.6714276912248074,2763.2618814021657
1.6530350841653607,2768.2075659657608
1.631217913399905,2773.153250529356
1.611934036805567,2778.098935092952
1.593005573432,2783.044619656547
1.575965167971266,2787.990304153575
1.5546463384936628,2792.9359887171704
1.5363116718771597,2797.881673280766
1.5196172883702077,2802.8273578443614
1.499969470575398,2807.7730424079564
1.481192870357493,2812.718726971552
1.4652947231722313,2817.664411535148
1.4448911444901569,2822.6100960321755
1.4278193517077784,2827.5557805957706
1.4099071744879486,2832.501465159366
1.395140183461735,2837.447149722961
1.3769417626655809,2842.392834286557
1.358811712669496,2847.338518850152
1.345377221937759,2852.2842034137475
1.3282769742205596,2857.229887910776
1.3124094356939815,2862.175572474371
1.2965258203299097,2867.121257037966
1.2798490665574769,2872.0669416015617
1.2628809682151705,2877.012626165157
1.247078186538185,2881.9583107287526
1.233527146841989,2886.903995259064
1.2156728898953095,2891.849679789376
1.1996960623501,2896.795364352972
1.1853058785197068,2901.741048916567
1.1691342775971418,2906.686733480162
1.1541898392651695,2911.632418010474
1.1414132568016744,2916.578102574069
1.125309949721978,2921.5237871376644
1.1100452602663584,2926.469471667976
1.0966548705644683,2931.4151562315715
1.0817648899905925,2936.360840795167
1.0671565990867908,2941.3065253254786
1.0518412519568392,2946.252209889074
1.040158848324761,2951.197894452669
1.024975768411731,2956.143579016265
1.010349487417045,2961.0892635465766
0.996710096418412,2966.034948076888
0.981749822386626,2970.980632640484
0.9682113097648062,2975.926317204079
0.9537010976815096,2980.872001767674
0.941165725345516,2985.8176863312697
0.9273360279822672,2990.763370894865
0.9137730108718702,2995.7090553918933
0.903302661554109,3000.6547399554884
0.8891451539962437,3005.600424519084
0.8759019662078831,3010.54610908268
0.8645757289088387,3015.491793646275
0.85270188371251,3020.43747820987
0.8409566092833882,3025.3831627734653
0.8283099140416557,3030.328847270493
0.8157539442311419,3035.274531834089
0.8035040999481378,3040.220216397684
0.790700633173795,3045.1659009612795
0.7794994803424352,3050.111585524875
0.7671707454736041,3055.0572700884704
0.757665235485927,3060.002954652065
0.7463198319993072,3064.948639215661
0.7355059279542939,3069.894323712689
0.7233766084574753,3074.8400082762846
0.7133938522383347,3079.78569283988
0.7025830310636468,3084.731377403475
0.6921800537962675,3089.6770619670706
0.6808691586009262,3094.622746530666
0.6720836523805689,3099.568431094261
0.6609399547539876,3104.5141155912893
0.6508422467731598,3109.4598001548848
0.6415079548782083,3114.40548471848
0.631896280990417,3119.351169282076
0.6229119272694408,3124.2968538456707
0.6133740114458125,3129.242538409266
0.6045532232774656,3134.188222939578
0.5946960795579701,3139.13390746989
0.5863382946992163,3144.079592033485
0.5781366540938015,3149.0252765970804
0.5684655130248177,3153.970961160676
0.559547948140606,3158.9166456909875
0.5529044049949954,3163.862330254583
0.5457159802339142,3168.8080148181784
0.5387958797686949,3173.75369934849
0.5301513699462875,3178.699383912085
0.5231455188414457,3183.6450684756805
0.5166567687660042,3188.5907530059926
0.5107726813986593,3193.536437569588
0.5053984577431277,3198.482122133183
0.4966428322794655,3203.4278066967786
0.4922565080639733,3208.37349122709
0.4858369059449125,3213.319175757402
0.4787988491656167,3218.2648603209973
0.4725473016362732,3223.2105448845928
0.4682482071280185,3228.156229448188
0.4630762108182638,3233.1019140117837
0.4580075452901545,3238.0475985753787
0.4512798243633973,3242.993283072407
0.4465910734049923,3247.9389676360024
0.4410457444089332,3252.884652199597
0.4355911595217818,3257.830336763193
0.425780207454668,3262.7760213267884
0.4244427113495228,3267.721705890384
0.4192405669003142,3272.66739045398
0.4131683439833065,3277.613074951007
0.4088515440702461,3282.5587595146026
0.4035763479405002,3287.504444078198
0.3992348363810426,3292.450128641793
0.3930018601655528,3297.3958132053885
0.388237432111267,3302.341497768984
0.3827268963640395,3307.2871823325795
0.3786766114505931,3312.232866829608
0.3734346144087811,3317.1785513932027
0.368024768129398,3322.124235956798
0.3639011145463786,3327.0699205203937
0.3593921831260595,3332.015605083989
0.3538884229715062,3336.961289647584
0.3494308310405706,3341.90697421118
0.3453337732408047,3346.852658708208
0.3418970183642228,3351.798343271804
0.3366410755462136,3356.7440278353984
0.3325650504438689,3361.689712398994
0.3296482880507043,3366.6353969625893
0.3250671844956476,3371.581081526185
0.3206260285895298,3376.52676608978
0.3165514011424376,3381.472450586808
0.3130264281816156,3386.4181351504035
0.3095108541814008,3391.363819713999
0.3057439854844276,3396.309504277594
0.3020673503181716,3401.255188841189
0.2986436334434708,3406.200873371501
0.2933580004815558,3411.146557935097
0.2897339400909474,3416.092242465408
0.2882491497656582,3421.037927029004
0.2851032438464108,3425.983611592599
0.2815588764281137,3430.9292961561946
0.2789580533468956,3435.874980686506
0.2765948547960448,3440.8206652501017
0.2747469419269227,3445.766349813697
0.2716054408860533,3450.7120343440088
0.2681296372844836,3455.657718907604
0.2657095263852166,3460.603403437916
0.2635653864814532,3465.549088001512
0.261693612386059,3470.4947725651064
0.2599502106782871,3475.440457128702
0.2579603772539355,3480.3861416922973
0.2555281986769456,3485.331826222609
0.2540070689245431,3490.2775107529205
0.2527126260225417,3495.223195316516
0.2510944396161977,3500.1688798801115
0.2461857255297653,3505.114564443707
0.2466154106415624,3510.060249007302
0.2440276238551297,3515.005933570897
0.2411498504506078,3519.9516180679257
0.2394430344229288,3524.897302631521
0.2374354375826707,3529.842987195116
0.235580548904332,3534.788671758712
0.2336670290055703,3539.734356322307
0.2303230254738563,3544.6800408859026
0.2289087371392572,3549.6257254494976
0.2272264543358854,3554.571409946526
0.2255085360249568,3559.5170945101213
0.2223731795997455,3564.462779073717
0.2204429759067661,3569.408463637312
0.2178169815837516,3574.3541482009077
0.2161868535119294,3579.2998327645028
0.2153753828831318,3584.2455173280982
0.214644160837595,3589.191201825126
0.2129647362613433,3594.136886388721
0.2106664062398481,3599.082570952317
0.2105897456043886,3604.028255515912
0.2082981105863313,3608.973940079508
0.2073249577889594,3613.919624643103
0.2063021526614225,3618.8653092066975
0.2062412515364903,3623.810993703727
0.2042205273587504,3628.756678267322
0.2024161516959776,3633.702362830917
0.203357716893254,3638.648047394513
0.2018621455492334,3643.593731958108
0.200856758326021,3648.539416521704
0.1985021060445017,3653.4851010852985
0.1991196274034342,3658.430785582327
0.1969179726053441,3663.376470145922
0.1974653796183043,3668.3221547095177
0.1962437841790335,3673.2678392731127
0.1959849438182391,3678.213523836708
0.1946481381956138,3683.15920836702
0.1929203229053873,3688.1048929306153
0.191232217785457,3693.0505774942103
0.1907936661623962,3697.9962620245215
0.1899504725270324,3702.941946588118
0.1892276402614519,3707.8876311184295
0.1884844987895396,3712.833315682025
0.1867236414868095,3717.779000245621
0.184495876898433,3722.724684809216
0.182506455783576,3727.670369372811
0.1822004415216374,3732.6160539031225
0.180815727754501,3737.5617384334346
0.1784668649701164,3742.5074229970296
0.1761276477123701,3747.453107560625
0.1748473319093003,3752.398792124221
0.1733246855465424,3757.344476687816
0.172355549157647,3762.290161251411
0.1699350456384376,3767.2358457484393
0.1688729983321132,3772.1815303120343
0.1683932462122062,3777.12721487563
0.1658885690754496,3782.0728994392257
0.1644175973799613,3787.0185840028207
0.1638894034573972,3791.964268566416
0.1642898222964322,3796.909953130012
0.1638572174957096,3801.85563762704
0.1626840890822404,3806.801322190635
0.1618045097522651,3811.7470067542304
0.1607162887428356,3816.692691317826
0.1598388267932782,3821.638375881421
0.1578830981627833,3826.584060445016
0.1570598104567143,3831.529745008612
0.1553233002612056,3836.47542950564
0.1559004574959001,3841.421114069236
0.1550396885342474,3846.366798632831
0.1546718766275415,3851.312483196426
0.1522482185991785,3856.2581677600215
0.1516056235271752,3861.203852323617
0.1506708716687152,3866.149536887212
0.1492132346853019,3871.09522138424
0.1494918983651502,3876.040905947836
0.1494432404810936,3880.986590511431
0.1477780491601415,3885.932275075026
0.1473854594652444,3890.8779596386216
0.1460107632037862,3895.823644202217
0.1449651140425036,3900.7693287658126
0.1441552054023376,3905.71501326284
0.1436867892833896,3910.660697826436
0.1430333466568087,3915.6063823900313
0.1425046317859854,3920.5520669536263
0.1412876776991459,3925.497751517222
0.1415336956793427,3930.443436047534
0.1410716711036653,3935.389120611129
0.1403245801323399,3940.334805141441
0.1392513219633664,3945.280489705036
0.1372590095053835,3950.226174268632
0.134874662062218,3955.171858832227
0.1354446860355123,3960.1175433625385
0.1337335847301143,3965.063227926134
0.1320045362403475,3970.0089124897295
0.1304377543496308,3974.954597020041
0.13035621942551,3979.900281583637
0.1293434641925478,3984.845966113948
0.1278146329964561,3989.791650677544
0.1266326675476947,3994.737335241139
0.1253305461622047,3999.683019804734
0.1238157608908013,4004.6287043683296
0.1232916630665746,4009.574388865358
0.1216635515875319,4014.520073428953
0.1204632354460571,4019.465757992548
0.1190666300822462,4024.411442556144
0.1177170072330686,4029.3571271197393
0.1152654861948193,4034.302811683335
0.1150924859161344,4039.24849624693
0.1148472730996776,4044.194180743958
0.1138737726734327,4049.1398653075535
0.1125878741563363,4054.085549871149
0.1106717276359,4059.031234434744
0.1105423853231542,4063.976918998339
0.1102893094544251,4068.922603561935
0.109771566202461,4073.8682881255295
0.1083684242817897,4078.813972622558
0.1084299174102963,4083.7596571861536
0.1085034847778205,4088.705341749749
0.1067718196369313,4093.6510263133446
0.1073188851223816,4098.59671087694
0.1065437301276921,4103.542395440535
0.1061398180765382,4108.48808000413
0.105779980089761,4113.433764501158
0.1062774432906865,4118.379449064754
0.106790832807261,4123.325133628349
0.1065788876533302,4128.270818191945
0.106497930634553,4133.21650275554
0.1068263637664374,4138.162187319135
0.107303808648397,4143.107871882731
0.1081658855157675,4148.053556379759
0.1096111958819127,4152.999240943354
0.1094390331732743,4157.944925506949
0.1106093190141965,4162.890610070545
0.1101442285834942,4167.83629463414
0.1095814676599444,4172.781979197735
0.1108855779615417,4177.727663728047
0.1100393519717525,4182.67334825836
0.1101172730416069,4187.6190328219545
0.1102850303514338,4192.56471738555
0.1111119548335429,4197.5104019491455
0.1109962507875622,4202.4560865127405
0.1111411412126633,4207.401771043053
0.1126433147724802,4212.347455606648
0.1124573311924875,4217.29314013696
0.1125040560029041,4222.238824700555
0.1121189277774594,4227.184509264151
0.1130525187013495,4232.130193794462
0.1133544212982742,4237.075878358058
0.1127026692640211,4242.021562921653
0.1114824719328082,4246.967247485248
0.1128337494505709,4251.91293201556
0.1138833064078362,4256.858616579155
0.1125195676111197,4261.804301109467
0.1127095190896145,4266.749985673062
0.1130743918621656,4271.695670236658
0.1122410286095718,4276.641354800253
0.1130096141958796,4281.587039363848
0.1139560370449849,4286.532723860876
0.1127371098162028,4291.478408424472
0.1131677701031889,4296.424092988067
0.1138172318720508,4301.369777551663
0.1138430612592564,4306.315462115258
0.1130125040229967,4311.261146678853
0.1134131064033452,4316.206831242449
0.1125021705949706,4321.152515806044
0.1126950664840165,4326.098200303072
0.1131930908106572,4331.043884866667
0.1138024851097281,4335.989569430263
0.1125880041746217,4340.935253993858
0.1124979096168343,4345.880938557453
0.1127028766710072,4350.826623121049
0.1120315302131101,4355.772307684644
0.1120352555035986,4360.717992181672
0.1110855683797641,4365.663676745267
0.1118932352022128,4370.609361308863
0.1121754594558516,4375.555045872458
0.1094545124295394,4380.500730436054
0.1080229161223891,4385.446414999649
0.1076730218297994,4390.392099563244
0.1054273395200931,4395.3377840602725
0.1056398325669443,4400.283468623868
0.1045281206880691,4405.229153187463
0.1018694671290543,4410.1748377510585
0.1012945738092345,4415.120522314654
0.1004507261237288,4420.066206878249
0.1004518897620312,4425.0118914085615
0.1000948083331888,4429.957575938873
0.0984174615523688,4434.903260502469
0.0998290747136479,4439.848945066064
0.1009274458204321,4444.794629629659
0.1008806959314005,4449.740314193255
0.1013282481131975,4454.685998723566
0.1010157834825929,4459.631683287162
0.1011393541255007,4464.577367817473
0.1012997289663337,4469.523052381069
0.1027331412852457,4474.468736944664
0.103239345373946,4479.414421474976
0.1011233677031298,4484.360106038571
0.1010880130189204,4489.305790602167
0.1024805912821314,4494.251475165762
0.1033650850073751,4499.197159696074
0.1037629342335331,4504.142844259669
0.1048141637545318,4509.088528789981
0.1045134576373136,4514.034213353576
0.1063201380845228,4518.979897917171
0.1053086529092527,4523.925582480767
0.1055590185636191,4528.871267044362
0.1065047747731355,4533.81695154139
0.1068884131491764,4538.762636104985
0.1063378938259362,4543.708320668581
0.1063156148628651,4548.654005232176
0.1065176536708133,4553.599689795772
0.1069441608108728,4558.545374359367
0.107485137207952,4563.491058922962
0.1051828962079913,4568.43674341999
0.1068212641789997,4573.382427983586
0.1070393744765289,4578.328112547181
0.1071023531498182,4583.273797110776
0.1061993780691383,4588.219481674372
0.106003602303203,4593.165166237967
0.1067409823499095,4598.110850801562
0.1066877066958015,4603.056535298591
0.1078521392974058,4608.002219862186
0.1070875513755056,4612.947904425781
0.1073942596492843,4617.893588989376
0.107262688370434,4622.839273552972
0.108300144368338,4627.784958116567
0.1088111831143393,4632.730642680163
0.1092930590862579,4637.676327177191
0.1093410117690208,4642.622011740787
0.1100512329427119,4647.567696304382
0.1105255378109214,4652.5133808679775
0.1117898668396365,4657.4590654315725
0.1125758092936005,4662.404749995168
0.11390543944159,4667.350434558764
0.1130160875743438,4672.296119055792
0.1129230935501204,4677.241803619387
0.1152687208635365,4682.187488182982
0.1141784352792772,4687.133172746578
0.1157062935326393,4692.078857310173
0.1154727696269606,4697.024541873769
0.1156938306865196,4701.97022640408
0.1155646069199943,4706.915910934392
0.1166122149525281,4711.861595497987
0.1170313994863399,4716.807280061583
0.1167600662720367,4721.752964625178
0.1178669911184398,4726.69864915549
0.1180985171573686,4731.644333719085
0.1185467697767533,4736.59001828268
0.1196256806281935,4741.535702812992
0.1204676000257913,4746.481387376587
0.120623419021671,4751.427071940183
0.1213442223019661,4756.372756470494
0.1222324145046996,4761.31844103409
0.1224898310863637,4766.264125597685
0.1232532677744367,4771.20981016128
0.1224822381685325,4776.155494691592
0.1220064767894655,4781.101179221904
0.1231297529280089,4786.046863785499
0.1234838999802573,4790.992548349094
0.1222571559577144,4795.93823291269
0.1226538943224255,4800.883917476285
0.1223523530329106,4805.829602039881
0.1220935716343194,4810.775286536908
0.1211237235775366,4815.720971100504
0.1205413671058858,4820.666655664099
0.1207315790177162,4825.612340227695
0.1176041810232956,4830.55802479129
0.1187171033599981,4835.503709354885
0.1183346367262012,4840.449393918481
0.1171086335788203,4845.3950784155095
0.1179945710331718,4850.3407629791045
0.1175269677100722,4855.2864475427
0.1175414388151238,4860.232132106296
0.1182524365392151,4865.1778166698905
0.1194572451297208,4870.123501233486
0.1193817944896163,4875.069185797081
0.1187929946805391,4880.01487029411
0.1190497972583206,4884.960554857705
0.1191718282820854,4889.906239421301
0.120192981277326,4894.851923984896
0.1209469312184249,4899.797608548491
0.1216566597788404,4904.743293112087
0.1215421236577456,4909.688977675682
0.1205617108241811,4914.63466217271
0.1215356713072743,4919.580346736305
0.1193084949275432,4924.526031299901
0.1186013505026899,4929.471715863496
0.1177184389227016,4934.417400427091
0.1177225730521463,4939.363084990687
0.1184521412596448,4944.308769554282
0.1171815716253987,4949.254454084594
0.1161709059490265,4954.200138614905
0.1165563660574223,4959.145823178501
0.1168794971831198,4964.091507742096
0.1154979896358215,4969.037192305692
0.1141835252043515,4973.982876869287
0.1129410813878734,4978.928561399599
0.1141284746666285,4983.874245963194
0.1127490721052573,4988.819930493506
0.1119751301777394,4993.765615057101
0.1118112640306346,4998.711299620696
0.1096456303511641,5003.656984151008
0.1088602841711001,5008.602668714603
0.1083880546551174,5013.548353278199
0.1054218050213101,5018.494037841794
0.1039869911781787,5023.439722372106
0.1029551207903484,5028.385406902417
0.1014268489433309,5033.331091466013
0.1013410511061349,5038.276776029608
0.0985368364010883,5043.222460593204
0.0974886850328025,5048.168145156799
0.0978107544461885,5053.113829720394
0.0959462695616198,5058.059514217423
0.094634576142833,5063.005198781018
0.093824241963774,5067.950883344613
0.0930149313384827,5072.896567908208
0.0924282519866056,5077.842252471804
0.0915816881736684,5082.787937035399
0.0913184011447145,5087.733621598994
0.0909837688849518,5092.679306096023
0.0908656779912176,5097.624990659619
0.0902687179020706,5102.570675223214
0.0885253749080425,5107.516359786809
0.088293725760947,5112.4620443504045
0.0870917448392197,5117.407728914
0.0861515228151907,5122.353413477596
0.0864880018687519,5127.299097974623
0.0867558834458988,5132.244782538219
0.0849781039271907,5137.190467101814
0.0844710390027741,5142.13615166541
0.0851387550663079,5147.081836229005
0.0836524175706083,5152.0275207926
0.0835721796279139,5156.973205356196
0.0836654966179472,5161.918889853224
0.0834483899170707,5166.864574416819
0.0831880399413191,5171.810258980414
0.0833150558564087,5176.75594354401
0.0819166565304962,5181.701628107605
0.0826467211609342,5186.647312671201
0.0821857272816855,5191.592997234796
0.0826534451232219,5196.538681731824
0.0823658773697255,5201.484366295419
0.0818294663385947,5206.430050859015
0.0820770502109446,5211.37573542261
0.0811168722162366,5216.321419986205
0.0815535946504012,5221.267104549801
0.0815494163343107,5226.212789080112
0.0798359410573178,5231.158473610424
0.0807061503201274,5236.104158174019
0.0794410310047335,5241.049842737615
0.0795525695201407,5245.99552730121
0.0783647931328715,5250.941211831522
0.0784845396553106,5255.886896395117
0.0792835665916407,5260.832580958712
0.0792201253117535,5265.778265489024
0.079662663330847,5270.723950052619
0.0805377091461038,5275.669634616215
0.0802961653131253,5280.615319146526
0.0808470428278701,5285.561003710122
0.0812073097801419,5290.506688273717
0.0802784024498668,5295.452372837313
0.0816136265123687,5300.3980573676245
0.0832576369281494,5305.3437418979365
0.084968655056033,5310.289426461532
0.085875609029897,5315.235111025128
0.0864345204999219,5320.1807955887225
0.0872462222029469,5325.1264801523175
0.0885726761382921,5330.0721647159135
0.0896837384328988,5335.017849212942
0.0901945860237153,5339.963533776537
0.0906451139897379,5344.909218340132
0.0913305319564256,5349.854902903728
0.0928044456095733,5354.800587467323
0.0927357815757922,5359.746272030919
0.0956984712386684,5364.691956594514
0.094356769094451,5369.637641091542
0.0964190190621453,5374.583325655137
0.0968461888917364,5379.529010218733
0.0981573391046415,5384.474694782328
0.098960561886546,5389.420379345923
0.0996356684432659,5394.366063909519
0.0999265800919503,5399.311748473114
0.100254215435227,5404.257432970142
0.1008290243672098,5409.203117533737
0.1011953695339697,5414.148802097333
0.1012894835354606,5419.094486660928
0.1015480670530743,5424.040171224523
0.1021657959263131,5428.985855788119
0.1012291759940877,5433.931540351714
0.1014064686270017,5438.877224848742
0.1009462927949323,5443.822909412337
0.1009611504948944,5448.768593975933
0.1005988816659703,5453.714278539528
0.1017018803241656,5458.659963103124
0.1011058529926572,5463.605647666719
0.0999002035256821,5468.551332230314
0.0999619712891986,5473.497016727342
0.0992498797705025,5478.442701290938
0.0986109182055971,5483.388385854533
0.0981961829662243,5488.334070418128
0.0975960047210462,5493.279754981724
0.0985348714551199,5498.225439512035
0.0989010135333571,5503.171124075631
0.0980766736717491,5508.116808605942
0.0978434803845711,5513.062493169538
0.0983283119437369,5518.008177733133
0.0974401442377022,5522.953862296729
0.0966584429638618,5527.8995468270405
0.0952647051341529,5532.845231390636
0.0964224378834664,5537.790915954231
0.0955677970049956,5542.736600484544
0.09526353246092,5547.6822850481385
0.0948266809731027,5552.627969578451
0.0925454596919316,5557.573654142046
0.0917016539709631,5562.519338705641
0.0908999290171173,5567.465023269237
0.0902285789378396,5572.410707832832
0.0893960581887772,5577.356392396427
0.0881309211124785,5582.302076893455
0.0882536736916088,5587.247761457051
0.0868402183742938,5592.193446020646
0.086128455198231,5597.139130584241
0.0850942842396464,5602.084815147837
0.0853591511021431,5607.030499711432
0.0857159726078423,5611.976184275028
0.0861587111856538,5616.921868772055
0.086331575856089,5621.867553335651
0.0855154772662636,5626.813237899246
0.0863161229020615,5631.758922462842
0.0865120720918341,5636.704607026437
0.0873033899813447,5641.650291590032
0.0885849602931788,5646.595976153628
0.0877986956710804,5651.541660650656
0.0871715190150557,5656.487345214251
0.0882365533649304,5661.433029777846
0.0885234363013716,5666.378714341442
0.0898121575717045,5671.324398905037
0.0904022858242268,5676.270083468633
0.0914085321536915,5681.215768032228
0.0930034006526058,5686.161452529256
0.0919476016572997,5691.107137092851
0.0933054047032537,5696.052821656447
0.0945576654550402,5700.998506220042
0.095075726831055,5705.944190783637
0.0951358262582712,5710.889875347233
0.0958379775130192,5715.835559910828
0.0963122498992416,5720.781244407856
0.0966449803566228,5725.726928971451
0.0970925495151885,5730.672613535047
0.0979516453323024,5735.618298098642
0.0984737559120513,5740.563982662237
0.0991305269681497,5745.509667225833
0.0993508447047212,5750.455351756144
0.0995241991414569,5755.4010362864565
0.0996213056274902,5760.346720850052
0.0995292526016174,5765.292405413647
0.0994056237713453,5770.238089977242
0.0991173336084536,5775.1837745075545
0.0996065507084003,5780.1294590711495
0.0979357346378382,5785.0751436347455
0.0994951006942792,5790.020828165057
0.0998468489931456,5794.966512728653
0.098982687381318,5799.912197258964
0.099827869275607,5804.85788182256
0.099601914521377,5809.803566386155
0.1006982112841458,5814.74925094975
0.1007224142084664,5819.694935513346
0.1014491426055512,5824.640620043657
0.1014392236611923,5829.586304573969
0.1009423344075054,5834.531989137564
0.1002210408568603,5839.47767370116
0.100510643149348,5844.423358264755
0.1012512904588453,5849.369042828351
